{"cameraMode":{"drawMode":0,"name":"Shaded","section":"Shading Mode"},"sceneLighting":false,"audioPlay":false,"sceneViewState":{"showFog":true,"showMaterialUpdate":false,"showSkybox":false,"showFlares":true,"showImageEffects":true,"showParticleSystems":true},"in2DMode":false,"pivot":{"x":-1.8499999046325684,"y":1.5089998245239258,"z":-0.29600000381469729},"rotation":{"x":0.3130718469619751,"y":0.28726816177368166,"z":-0.09989567846059799,"w":0.8998291492462158},"size":2.8578834533691408,"orthographic":false}